                  epoch,         train/box_loss,         train/cls_loss,         train/dfl_loss,   metrics/precision(B),      metrics/recall(B),       metrics/mAP50(B),    metrics/mAP50-95(B),           val/box_loss,           val/cls_loss,           val/dfl_loss,                 lr/pg0,                 lr/pg1,                 lr/pg2
                      1,                0.94452,                 1.8196,                 1.2038,                0.85144,                0.75474,                0.83675,                0.63617,                0.84618,                0.90532,                 1.1467,              0.0033221,              0.0033221,              0.0033221
                      2,                0.88861,                0.85623,                  1.123,                0.76656,                0.83612,                0.87247,                0.64606,                0.92173,                0.93633,                 1.1996,              0.0066225,              0.0066225,              0.0066225
                      3,                0.95778,                0.86922,                 1.1349,                0.84952,                0.75464,                0.84968,                0.61493,                0.95912,                0.90828,                 1.1969,              0.0098899,              0.0098899,              0.0098899
                      4,                 1.0204,                0.92763,                 1.1756,                0.86461,                0.78704,                 0.8645,                0.63778,                0.95668,                0.83244,                 1.2189,              0.0098515,              0.0098515,              0.0098515
                      5,                 1.0035,                0.84574,                 1.1612,                0.77238,                0.78638,                 0.8414,                0.62161,                0.92456,                 0.9629,                 1.2175,               0.009802,               0.009802,               0.009802
                      6,                0.99293,                0.80079,                 1.1723,                0.75943,                0.72314,                0.80761,                0.58621,                0.97337,                 1.0574,                 1.2394,              0.0097525,              0.0097525,              0.0097525
                      7,                0.96797,                0.76561,                 1.1554,                0.90448,                0.86111,                0.92391,                0.70794,                0.89275,                0.62307,                 1.1704,               0.009703,               0.009703,               0.009703
                      8,                0.96777,                0.73847,                 1.1559,                0.89859,                0.85731,                0.92322,                0.70607,                  0.852,                0.69467,                 1.1443,              0.0096535,              0.0096535,              0.0096535
                      9,                0.94677,                0.72364,                 1.1392,                0.86704,                0.86432,                0.91663,                0.69136,                0.91472,                0.67052,                 1.2048,               0.009604,               0.009604,               0.009604
                     10,                 0.9427,                0.69599,                 1.1421,                0.87333,                0.88881,                0.93927,                0.71215,                0.86797,                0.63048,                 1.1649,              0.0095545,              0.0095545,              0.0095545
                     11,                0.91929,                0.67625,                 1.1369,                0.79736,                0.77756,                  0.838,                 0.6329,                0.91843,                0.94848,                 1.2154,               0.009505,               0.009505,               0.009505
                     12,                  0.905,                0.65498,                 1.1296,                0.90882,                0.90293,                 0.9442,                0.73988,                0.82023,                0.55728,                 1.1493,              0.0094555,              0.0094555,              0.0094555
                     13,                0.89446,                0.63332,                 1.1206,                0.93192,                0.90398,                0.94891,                0.73744,                0.81161,                0.55281,                 1.1306,               0.009406,               0.009406,               0.009406
                     14,                0.88314,                0.62185,                 1.1149,                0.89653,                0.88068,                0.94085,                0.72367,                0.85519,                 0.5883,                 1.1582,              0.0093565,              0.0093565,              0.0093565
                     15,                0.88812,                0.61954,                  1.112,                0.93785,                0.91817,                0.94947,                0.75148,                0.81152,                0.52984,                 1.1203,               0.009307,               0.009307,               0.009307
                     16,                0.86954,                 0.5954,                 1.0998,                 0.9429,                 0.9023,                0.95241,                 0.7544,                0.81017,                0.52387,                 1.1236,              0.0092575,              0.0092575,              0.0092575
                     17,                0.86615,                0.59457,                 1.0995,                0.93722,                0.91695,                0.95398,                0.74983,                0.80489,                0.49777,                 1.1329,               0.009208,               0.009208,               0.009208
                     18,                0.85715,                0.59032,                 1.0986,                 0.9103,                0.90399,                0.94783,                0.74375,                0.83699,                0.54016,                 1.1382,              0.0091585,              0.0091585,              0.0091585
                     19,                 0.8485,                0.57135,                 1.0999,                 0.9209,                 0.9132,                0.94879,                0.75089,                 0.8182,                0.49216,                 1.1367,               0.009109,               0.009109,               0.009109
                     20,                0.85696,                0.58005,                 1.0954,                0.94279,                0.91433,                0.94792,                0.75077,                0.81844,                0.51742,                 1.1439,              0.0090595,              0.0090595,              0.0090595
                     21,                0.85779,                0.57826,                 1.0992,                0.90979,                0.92242,                0.95211,                0.75775,                0.79504,                0.48916,                 1.1084,                0.00901,                0.00901,                0.00901
                     22,                0.82836,                0.56389,                 1.0782,                0.94276,                0.90706,                0.95191,                0.75488,                0.82621,                 0.5171,                 1.1272,              0.0089605,              0.0089605,              0.0089605
                     23,                0.84163,                0.54624,                 1.0838,                0.94375,                0.90727,                0.95069,                0.75005,                0.80633,                0.49214,                 1.1262,               0.008911,               0.008911,               0.008911
                     24,                0.82588,                 0.5448,                 1.0753,                0.95189,                0.92014,                0.95553,                0.75823,                0.82126,                0.47581,                  1.132,              0.0088615,              0.0088615,              0.0088615
                     25,                0.81646,                0.52695,                 1.0708,                0.92907,                0.90072,                0.94015,                0.74711,                0.81154,                0.51184,                 1.1272,               0.008812,               0.008812,               0.008812
                     26,                0.83414,                0.53638,                 1.0799,                0.92901,                0.90832,                0.95654,                0.76327,                0.79788,                0.48556,                 1.1249,              0.0087625,              0.0087625,              0.0087625
                     27,                0.81104,                0.52699,                 1.0727,                0.91424,                0.93467,                0.95638,                 0.7631,                0.79905,                0.48141,                 1.1328,               0.008713,               0.008713,               0.008713
                     28,                0.81914,                0.51662,                 1.0751,                 0.9433,                0.90833,                0.95261,                0.76585,                0.80009,                0.47996,                 1.1337,              0.0086635,              0.0086635,              0.0086635
                     29,                0.80759,                0.51847,                 1.0743,                 0.9431,                0.90579,                0.96032,                0.76619,                0.78305,                0.47074,                 1.1106,               0.008614,               0.008614,               0.008614
                     30,                0.80151,                0.51015,                 1.0724,                0.93961,                0.92043,                0.94894,                0.76217,                0.78215,                0.45957,                 1.1136,              0.0085645,              0.0085645,              0.0085645
                     31,                0.79918,                0.50812,                 1.0715,                0.93113,                0.92152,                0.95408,                0.76556,                0.78311,                0.46557,                 1.1198,               0.008515,               0.008515,               0.008515
                     32,                0.80715,                0.51245,                 1.0747,                0.93852,                0.91714,                0.96331,                0.76725,                0.79262,                0.46504,                 1.1281,              0.0084655,              0.0084655,              0.0084655
                     33,                0.80698,                0.50024,                 1.0762,                0.95709,                0.91624,                0.95384,                0.77106,                0.78321,                0.45922,                 1.1117,               0.008416,               0.008416,               0.008416
                     34,                0.79774,                0.50485,                 1.0681,                 0.9476,                0.92047,                0.96041,                0.77395,                 0.7758,                0.45163,                 1.1035,              0.0083665,              0.0083665,              0.0083665
                     35,                0.78764,                0.49935,                 1.0612,                0.94444,                0.92227,                0.96199,                0.77734,                0.75631,                0.44874,                 1.0886,               0.008317,               0.008317,               0.008317
                     36,                0.78627,                0.48977,                 1.0575,                 0.9465,                0.92132,                0.96066,                0.77686,                0.76838,                0.44923,                 1.0974,              0.0082675,              0.0082675,              0.0082675
                     37,                 0.7838,                0.48931,                 1.0584,                0.94668,                0.93008,                0.96058,                0.78029,                0.76704,                0.43018,                 1.1105,               0.008218,               0.008218,               0.008218
                     38,                0.77629,                0.47713,                 1.0515,                0.95838,                0.92603,                0.96618,                 0.7797,                0.76582,                0.43599,                 1.1009,              0.0081685,              0.0081685,              0.0081685
                     39,                0.77475,                0.47316,                 1.0518,                0.93757,                0.92996,                0.96041,                0.77255,                0.79448,                 0.4353,                 1.1219,               0.008119,               0.008119,               0.008119
                     40,                0.77572,                0.47315,                 1.0582,                0.92686,                0.93554,                0.96071,                0.77995,                0.76185,                0.44757,                 1.0941,              0.0080695,              0.0080695,              0.0080695
                     41,                0.76498,                0.47157,                 1.0506,                0.94389,                0.91817,                 0.9606,                0.77954,                 0.7709,                0.43123,                 1.1003,                0.00802,                0.00802,                0.00802
                     42,                0.76961,                0.47127,                 1.0572,                0.94374,                 0.9231,                0.96107,                0.78283,                0.77353,                0.42865,                 1.1088,              0.0079705,              0.0079705,              0.0079705
                     43,                0.76665,                0.47025,                 1.0534,                0.94083,                0.92574,                 0.9587,                0.78478,                0.76787,                0.45182,                 1.1011,               0.007921,               0.007921,               0.007921
                     44,                0.76141,                0.46412,                 1.0526,                0.94726,                0.93082,                0.95648,                0.78438,                0.75981,                0.43625,                 1.0941,              0.0078715,              0.0078715,              0.0078715
                     45,                0.76173,                0.46454,                 1.0477,                0.95806,                0.93092,                0.96039,                0.78728,                0.76852,                0.41027,                 1.1058,               0.007822,               0.007822,               0.007822
                     46,                0.76087,                0.45864,                 1.0448,                0.95037,                0.91422,                0.96367,                0.78624,                0.75729,                0.43336,                 1.0899,              0.0077725,              0.0077725,              0.0077725
                     47,                0.76078,                0.45403,                 1.0487,                0.94917,                0.93781,                0.96121,                0.78828,                0.74906,                0.41821,                 1.0927,               0.007723,               0.007723,               0.007723
                     48,                0.74704,                0.45022,                 1.0429,                0.94592,                0.93135,                0.95982,                0.77994,                0.77753,                0.42548,                 1.1178,              0.0076735,              0.0076735,              0.0076735
                     49,                0.72988,                0.44036,                   1.03,                0.95079,                0.93005,                0.96552,                0.78632,                0.76111,                0.41787,                 1.1087,               0.007624,               0.007624,               0.007624
                     50,                0.74652,                0.44354,                  1.043,                0.94788,                0.93556,                0.96304,                0.79077,                0.75759,                0.40906,                 1.0959,              0.0075745,              0.0075745,              0.0075745
                     51,                 0.7529,                0.45037,                 1.0428,                 0.9599,                0.91875,                0.96051,                0.78852,                0.76072,                0.42133,                 1.0906,               0.007525,               0.007525,               0.007525
                     52,                0.73158,                0.44191,                 1.0314,                0.94387,                0.93937,                0.96098,                 0.7912,                0.75121,                  0.402,                  1.076,              0.0074755,              0.0074755,              0.0074755
                     53,                0.74909,                0.43849,                 1.0375,                0.94635,                 0.9356,                0.97072,                0.79854,                0.74615,                0.40287,                 1.0898,               0.007426,               0.007426,               0.007426
                     54,                0.73186,                0.43469,                 1.0308,                0.96081,                0.92863,                0.95838,                0.78065,                0.76338,                0.41217,                 1.1035,              0.0073765,              0.0073765,              0.0073765
                     55,                0.73305,                0.43343,                 1.0281,                0.96397,                0.92799,                0.95985,                0.78808,                0.77149,                0.40872,                 1.0991,               0.007327,               0.007327,               0.007327
                     56,                0.74356,                0.43971,                 1.0383,                0.95912,                 0.9278,                0.96447,                0.79368,                0.75079,                0.39282,                 1.0831,              0.0072775,              0.0072775,              0.0072775
                     57,                0.71876,                0.43395,                   1.03,                0.92865,                0.94892,                0.96334,                0.78978,                0.74565,                0.40458,                 1.0989,               0.007228,               0.007228,               0.007228
                     58,                0.73491,                0.42841,                 1.0388,                0.95431,                0.91787,                0.96501,                 0.7872,                0.77428,                 0.4201,                  1.124,              0.0071785,              0.0071785,              0.0071785
                     59,                0.72447,                0.42598,                 1.0306,                 0.9527,                0.92974,                0.96432,                0.79359,                0.74746,                0.40124,                 1.1038,               0.007129,               0.007129,               0.007129
                     60,                0.71642,                0.42399,                 1.0258,                0.94353,                0.93062,                0.96428,                0.78956,                 0.7507,                0.40792,                 1.0948,              0.0070795,              0.0070795,              0.0070795
                     61,                0.72077,                0.42501,                 1.0285,                0.95463,                0.92897,                0.96537,                 0.7998,                 0.7437,                0.40982,                 1.0858,                0.00703,                0.00703,                0.00703
                     62,                0.71482,                0.41994,                 1.0224,                0.93706,                 0.9309,                0.96503,                 0.7935,                0.74996,                0.41049,                 1.0984,              0.0069805,              0.0069805,              0.0069805
                     63,                0.71522,                0.41255,                 1.0169,                0.95143,                0.93004,                0.96285,                0.79755,                0.75121,                0.39576,                 1.0959,               0.006931,               0.006931,               0.006931
                     64,                0.71924,                0.42258,                 1.0277,                0.94543,                 0.9361,                0.96174,                 0.7904,                0.75387,                0.40123,                  1.106,              0.0068815,              0.0068815,              0.0068815
                     65,                 0.7087,                0.41672,                 1.0259,                0.95187,                0.92581,                0.96397,                0.79563,                  0.755,                0.39503,                 1.0981,               0.006832,               0.006832,               0.006832
                     66,                0.71453,                0.41431,                 1.0283,                0.95789,                0.92698,                0.96916,                0.79513,                0.75014,                0.40001,                 1.1039,              0.0067825,              0.0067825,              0.0067825
                     67,                0.70548,                 0.4114,                  1.019,                0.93607,                0.94733,                0.96324,                0.79546,                0.75243,                0.39831,                 1.0989,               0.006733,               0.006733,               0.006733
                     68,                0.70961,                0.41367,                 1.0217,                0.97083,                0.91726,                0.96393,                  0.801,                 0.7463,                0.39568,                 1.0901,              0.0066835,              0.0066835,              0.0066835
                     69,                0.70096,                0.40538,                 1.0175,                0.94576,                0.94216,                 0.9633,                0.79399,                0.75443,                 0.3907,                 1.0897,               0.006634,               0.006634,               0.006634
                     70,                0.69232,                0.40024,                 1.0098,                 0.9494,                0.93286,                0.96187,                0.80193,                0.73914,                0.39329,                  1.087,              0.0065845,              0.0065845,              0.0065845
                     71,                0.70494,                0.40464,                 1.0205,                0.95451,                0.93222,                0.95932,                0.79613,                0.75013,                0.38677,                 1.1072,               0.006535,               0.006535,               0.006535
                     72,                0.70376,                0.40423,                 1.0201,                0.94451,                0.94396,                0.96061,                0.79744,                 0.7592,                 0.3879,                 1.1024,              0.0064855,              0.0064855,              0.0064855
                     73,                0.70454,                0.39874,                 1.0209,                0.93598,                0.94747,                0.96448,                0.80183,                0.73632,                0.38626,                 1.0883,               0.006436,               0.006436,               0.006436
                     74,                0.69297,                0.41064,                 1.0135,                0.96563,                0.92269,                0.96264,                0.80446,                0.74715,                0.37914,                 1.0967,              0.0063865,              0.0063865,              0.0063865
                     75,                0.68126,                0.40863,                 1.0083,                0.95985,                0.93013,                0.96065,                0.79137,                0.75575,                 0.3883,                 1.1001,               0.006337,               0.006337,               0.006337
                     76,                0.67867,                0.39181,                 1.0053,                0.94316,                0.94674,                0.96247,                0.79282,                 0.7543,                0.38203,                 1.1008,              0.0062875,              0.0062875,              0.0062875
                     77,                0.69767,                0.40092,                 1.0175,                0.94858,                0.94142,                0.96358,                0.79425,                0.75446,                0.38399,                  1.111,               0.006238,               0.006238,               0.006238
                     78,                0.68247,                0.38781,                 1.0134,                0.96639,                 0.9233,                0.96304,                0.79808,                0.76503,                0.37477,                 1.1064,              0.0061885,              0.0061885,              0.0061885
                     79,                0.69445,                0.39306,                  1.015,                0.95533,                0.93888,                0.96364,                0.79914,                0.75083,                0.37599,                 1.1024,               0.006139,               0.006139,               0.006139
                     80,                 0.6821,                0.40364,                 1.0094,                0.93414,                0.94628,                0.95783,                0.79325,                0.74319,                0.38637,                 1.0992,              0.0060895,              0.0060895,              0.0060895
                     81,                0.68464,                0.38843,                 1.0092,                0.94507,                0.93952,                0.96128,                0.79787,                0.74908,                0.37396,                 1.1008,                0.00604,                0.00604,                0.00604
                     82,                0.67771,                0.38446,                 1.0067,                0.95674,                0.93337,                 0.9621,                0.80277,                0.74132,                0.38789,                 1.0884,              0.0059905,              0.0059905,              0.0059905
                     83,                0.67276,                0.37719,                 1.0035,                0.96083,                0.93754,                0.95935,                 0.8063,                0.73488,                0.36636,                  1.093,               0.005941,               0.005941,               0.005941
                     84,                0.66607,                0.38289,                 1.0004,                 0.9399,                 0.9398,                0.96183,                0.80396,                0.75029,                0.37344,                 1.0972,              0.0058915,              0.0058915,              0.0058915
                     85,                0.67204,                0.38132,                 1.0085,                0.95711,                0.93282,                0.96171,                0.80144,                0.74824,                0.37242,                 1.1006,               0.005842,               0.005842,               0.005842
                     86,                0.66756,                0.37892,                 1.0012,                0.94771,                0.94343,                 0.9626,                0.79609,                0.76121,                0.36226,                 1.1143,              0.0057925,              0.0057925,              0.0057925
                     87,                0.67375,                0.38133,                 1.0019,                0.94166,                0.94705,                0.96204,                0.80132,                0.75154,                0.36445,                 1.1087,               0.005743,               0.005743,               0.005743
                     88,                 0.6674,                0.38715,                 1.0078,                0.95597,                0.93339,                0.96383,                0.79935,                0.76348,                0.36828,                 1.1173,              0.0056935,              0.0056935,              0.0056935
                     89,                0.65779,                0.38414,                 0.9921,                0.94391,                0.93851,                0.96062,                0.79923,                0.74474,                0.36622,                 1.1023,               0.005644,               0.005644,               0.005644
                     90,                0.66428,                0.37527,                 1.0024,                0.95537,                0.93237,                0.96777,                0.80609,                0.74721,                0.36244,                 1.1081,              0.0055945,              0.0055945,              0.0055945
                     91,                 0.6651,                0.38417,                 1.0026,                0.94551,                0.94464,                0.96354,                0.80277,                0.74053,                0.37368,                 1.0942,               0.005545,               0.005545,               0.005545
                     92,                 0.6577,                0.36892,                0.99615,                0.93939,                0.94516,                0.96686,                0.80821,                0.74189,                0.35801,                 1.0986,              0.0054955,              0.0054955,              0.0054955
                     93,                0.65856,                0.37111,                 0.9981,                0.94834,                0.94454,                0.96317,                0.80713,                0.74315,                0.36318,                  1.097,               0.005446,               0.005446,               0.005446
                     94,                0.66222,                0.37891,                  0.998,                0.93989,                0.95089,                0.96658,                0.80593,                0.73938,                0.36169,                   1.09,              0.0053965,              0.0053965,              0.0053965
                     95,                0.65973,                0.37509,                0.99567,                0.95773,                0.92973,                0.96449,                0.80293,                0.74949,                0.37561,                  1.109,               0.005347,               0.005347,               0.005347
                     96,                0.65179,                0.37199,                 1.0004,                 0.9352,                0.95487,                 0.9647,                0.80382,                0.73862,                0.37181,                  1.103,              0.0052975,              0.0052975,              0.0052975
                     97,                0.65356,                0.38899,                 1.0002,                0.95586,                0.94218,                0.96707,                 0.8004,                0.75573,                0.36462,                 1.1195,               0.005248,               0.005248,               0.005248
                     98,                0.65732,                0.39535,                 1.0032,                0.93503,                0.95114,                0.96739,                0.79895,                0.75989,                0.36774,                 1.1223,              0.0051985,              0.0051985,              0.0051985
                     99,                0.64523,                0.36501,                0.99879,                0.94474,                0.95438,                0.96851,                0.79786,                0.75504,                0.36814,                 1.1204,               0.005149,               0.005149,               0.005149
                    100,                0.64185,                0.36672,                0.98296,                0.93505,                0.94994,                0.96991,                0.79992,                0.76612,                0.36998,                 1.1188,              0.0050995,              0.0050995,              0.0050995
                    101,                0.64945,                0.36711,                0.98976,                0.92541,                0.95563,                0.96481,                0.80111,                0.75342,                 0.3655,                 1.1055,                0.00505,                0.00505,                0.00505
                    102,                0.64033,                0.36509,                0.98889,                0.94963,                0.93605,                0.96902,                0.80045,                0.75342,                0.36644,                 1.1147,              0.0050005,              0.0050005,              0.0050005
                    103,                0.63926,                0.35616,                0.98784,                0.95128,                0.94841,                0.96743,                0.80524,                0.74596,                0.35865,                 1.1066,               0.004951,               0.004951,               0.004951
                    104,                0.64197,                0.36152,                0.98971,                0.95141,                0.93894,                0.96695,                0.80629,                0.74726,                0.36188,                 1.1119,              0.0049015,              0.0049015,              0.0049015
                    105,                0.64171,                0.36861,                0.99151,                0.94262,                0.94589,                0.96545,                0.80438,                0.75234,                0.36326,                 1.1086,               0.004852,               0.004852,               0.004852
                    106,                0.64083,                0.36378,                0.99633,                0.94208,                 0.9447,                0.96854,                0.80518,                0.74778,                0.37132,                 1.1089,              0.0048025,              0.0048025,              0.0048025
                    107,                0.63968,                0.35573,                0.99244,                0.93954,                0.94941,                 0.9632,                0.80421,                 0.7563,                0.37579,                 1.1227,               0.004753,               0.004753,               0.004753
                    108,                0.63946,                0.35511,                 0.9942,                0.94435,                 0.9496,                0.96466,                0.79693,                0.74906,                0.37333,                 1.1183,              0.0047035,              0.0047035,              0.0047035
                    109,                0.63373,                0.35255,                0.99025,                0.94575,                0.94661,                0.96703,                0.80483,                0.75038,                0.36845,                 1.1199,               0.004654,               0.004654,               0.004654
                    110,                0.63477,                0.36279,                0.98612,                  0.951,                0.94134,                0.96631,                0.80324,                0.74992,                0.36361,                 1.1253,              0.0046045,              0.0046045,              0.0046045
                    111,                0.63199,                0.35396,                0.98867,                 0.9411,                   0.95,                0.96892,                0.80316,                0.75303,                0.36073,                 1.1268,               0.004555,               0.004555,               0.004555
                    112,                0.61502,                0.34974,                0.97965,                0.94665,                0.94647,                0.96565,                0.80503,                  0.754,                0.36315,                 1.1256,              0.0045055,              0.0045055,              0.0045055
                    113,                0.62698,                0.34503,                0.98044,                0.94615,                0.94283,                0.96416,                0.80417,                0.76302,                0.37144,                 1.1353,               0.004456,               0.004456,               0.004456
                    114,                0.62282,                0.35714,                0.98512,                0.94748,                0.93939,                 0.9649,                0.80276,                0.76088,                 0.3734,                 1.1269,              0.0044065,              0.0044065,              0.0044065
                    115,                0.62741,                0.34967,                0.98399,                0.93942,                0.95139,                0.96144,                0.80324,                0.75869,                 0.3684,                 1.1274,               0.004357,               0.004357,               0.004357
                    116,                0.61763,                0.34716,                0.98108,                0.94997,                0.94415,                0.96372,                0.80388,                0.75874,                0.36669,                 1.1264,              0.0043075,              0.0043075,              0.0043075
                    117,                0.62209,                0.35215,                0.98347,                0.94895,                0.94422,                0.96468,                0.80575,                0.75813,                0.36414,                 1.1228,               0.004258,               0.004258,               0.004258
                    118,                0.61275,                0.35171,                0.98274,                 0.9478,                0.94324,                0.96556,                0.80969,                0.75772,                0.36574,                 1.1314,              0.0042085,              0.0042085,              0.0042085
                    119,                 0.6169,                0.34463,                0.97915,                0.94897,                 0.9426,                0.96588,                0.80465,                 0.7575,                0.37006,                 1.1326,               0.004159,               0.004159,               0.004159
                    120,                0.61694,                 0.3525,                0.98317,                0.94563,                0.94417,                0.96519,                0.80731,                 0.7573,                0.36856,                 1.1288,              0.0041095,              0.0041095,              0.0041095
                    121,                0.61453,                0.34632,                0.98134,                0.93602,                 0.9526,                0.96351,                0.80418,                0.75625,                0.36149,                 1.1236,                0.00406,                0.00406,                0.00406
                    122,                0.62197,                0.35522,                0.98212,                0.93947,                0.94954,                0.96274,                0.80336,                0.75382,                0.36327,                 1.1212,              0.0040105,              0.0040105,              0.0040105
                    123,                0.61374,                0.35722,                0.98259,                0.94429,                0.95115,                0.96804,                0.80481,                 0.7539,                0.36088,                 1.1208,               0.003961,               0.003961,               0.003961
                    124,                0.61212,                0.34223,                0.97907,                0.95201,                0.93939,                0.96757,                0.80631,                0.75968,                0.35626,                 1.1209,              0.0039115,              0.0039115,              0.0039115
                    125,                0.59957,                0.33697,                0.97433,                0.95195,                0.94032,                0.96928,                0.80825,                0.76377,                0.36072,                 1.1273,               0.003862,               0.003862,               0.003862
                    126,                0.60633,                0.34799,                0.97916,                0.95102,                0.94594,                  0.971,                0.80351,                0.76058,                0.36196,                 1.1238,              0.0038125,              0.0038125,              0.0038125
                    127,                0.60176,                0.33375,                0.97515,                0.94612,                0.94882,                0.96982,                0.80211,                0.76651,                 0.3617,                 1.1295,               0.003763,               0.003763,               0.003763
                    128,                0.59758,                0.33365,                0.97306,                0.94692,                0.94883,                0.96926,                0.80154,                0.76336,                0.35567,                 1.1285,              0.0037135,              0.0037135,              0.0037135
                    129,                0.60777,                0.33949,                0.97634,                0.94578,                0.94955,                0.96662,                0.79983,                0.76085,                0.35833,                 1.1255,               0.003664,               0.003664,               0.003664
                    130,                0.59956,                0.33373,                0.97411,                0.95283,                0.94719,                0.96868,                0.80276,                0.76004,                 0.3564,                 1.1246,              0.0036145,              0.0036145,              0.0036145
                    131,                0.59114,                 0.3354,                0.96204,                 0.9528,                0.94883,                0.96786,                0.80392,                0.75509,                0.35508,                 1.1186,               0.003565,               0.003565,               0.003565
                    132,                0.60307,                0.33395,                0.97253,                0.95328,                0.95013,                0.96778,                0.80395,                 0.7565,                0.35493,                 1.1233,              0.0035155,              0.0035155,              0.0035155
                    133,                0.58839,                 0.3281,                 0.9681,                0.95407,                 0.9464,                0.96669,                0.80459,                0.75686,                0.35952,                 1.1242,               0.003466,               0.003466,               0.003466
                    134,                0.60662,                0.34004,                0.97811,                0.95301,                0.94651,                0.96556,                0.80438,                 0.7525,                0.35849,                 1.1188,              0.0034165,              0.0034165,              0.0034165
                    135,                0.58288,                0.34279,                0.96171,                0.95402,                0.94733,                0.96629,                0.80397,                0.75535,                0.35303,                 1.1225,               0.003367,               0.003367,               0.003367
                    136,                0.58956,                0.33154,                0.96684,                0.95482,                0.95167,                 0.9657,                0.80406,                0.75412,                0.35709,                 1.1216,              0.0033175,              0.0033175,              0.0033175
                    137,                0.59252,                0.32983,                0.96416,                0.94946,                0.95474,                0.96698,                0.80647,                0.75746,                0.35383,                 1.1273,               0.003268,               0.003268,               0.003268
                    138,                0.59127,                0.32783,                0.96298,                0.95817,                0.94419,                0.96504,                0.80744,                0.75788,                0.35528,                 1.1278,              0.0032185,              0.0032185,              0.0032185
                    139,                0.58464,                0.32555,                0.96562,                0.95384,                0.94765,                0.96545,                0.80583,                0.75975,                0.35656,                 1.1309,               0.003169,               0.003169,               0.003169
                    140,                 0.5904,                 0.3209,                0.97286,                0.95426,                0.94894,                0.96479,                0.80603,                0.75758,                0.35872,                 1.1266,              0.0031195,              0.0031195,              0.0031195
                    141,                0.57904,                 0.3205,                0.96946,                0.95495,                0.95222,                0.96457,                0.80575,                0.75767,                0.35934,                 1.1293,                0.00307,                0.00307,                0.00307
                    142,                0.58869,                0.31989,                0.97215,                0.95569,                0.94948,                0.96391,                0.80438,                0.76355,                0.35825,                 1.1349,              0.0030205,              0.0030205,              0.0030205
                    143,                0.57742,                0.32315,                0.96333,                0.95338,                  0.949,                0.96433,                0.80332,                0.76351,                0.35069,                 1.1352,               0.002971,               0.002971,               0.002971
                    144,                0.58401,                 0.3209,                0.96958,                0.95574,                 0.9433,                0.96393,                0.80346,                0.76239,                0.34973,                 1.1324,              0.0029215,              0.0029215,              0.0029215
                    145,                0.57211,                0.31904,                0.96199,                0.95615,                0.94734,                0.96386,                0.80274,                0.76544,                0.35324,                 1.1336,               0.002872,               0.002872,               0.002872
                    146,                 0.5777,                0.31948,                0.96472,                0.95322,                 0.9479,                0.96472,                0.80052,                0.76669,                0.35657,                 1.1332,              0.0028225,              0.0028225,              0.0028225
                    147,                0.58228,                0.32059,                0.96483,                0.95645,                0.94194,                0.96469,                0.80058,                0.76827,                0.35628,                 1.1324,               0.002773,               0.002773,               0.002773
                    148,                0.57002,                0.31804,                0.96297,                0.95705,                0.94176,                0.96058,                0.79955,                0.77061,                0.35727,                 1.1357,              0.0027235,              0.0027235,              0.0027235
                    149,                0.57242,                0.31813,                0.96305,                0.95348,                0.94392,                0.96008,                0.80005,                0.77259,                0.35581,                 1.1388,               0.002674,               0.002674,               0.002674
                    150,                0.56312,                0.31478,                0.95344,                 0.9534,                 0.9449,                0.96023,                0.79965,                0.77206,                0.35419,                 1.1384,              0.0026245,              0.0026245,              0.0026245
                    151,                0.56495,                0.31759,                0.95385,                0.95622,                0.94663,                0.96297,                0.80043,                0.76995,                0.35812,                 1.1343,               0.002575,               0.002575,               0.002575
                    152,                0.56388,                0.31721,                 0.9597,                0.95478,                0.94515,                0.96017,                0.79961,                0.77024,                 0.3559,                 1.1356,              0.0025255,              0.0025255,              0.0025255
                    153,                0.56299,                0.31609,                0.96125,                0.94923,                0.95029,                0.96305,                0.79982,                0.77229,                 0.3546,                 1.1362,               0.002476,               0.002476,               0.002476
                    154,                0.55852,                0.31246,                0.95451,                0.94877,                0.95014,                0.96333,                0.79959,                0.77415,                0.35662,                 1.1366,              0.0024265,              0.0024265,              0.0024265
                    155,                0.56214,                0.31299,                0.95186,                0.95039,                0.94715,                0.96356,                0.79983,                0.77731,                0.35063,                 1.1403,               0.002377,               0.002377,               0.002377
                    156,                0.55325,                0.31114,                0.95503,                0.95179,                0.94818,                 0.9629,                0.79745,                0.77581,                0.35089,                 1.1387,              0.0023275,              0.0023275,              0.0023275
                    157,                0.55553,                0.30433,                 0.9576,                0.95328,                0.95128,                0.96278,                0.79932,                 0.7751,                0.35054,                 1.1394,               0.002278,               0.002278,               0.002278
                    158,                0.56207,                 0.3087,                0.95409,                0.95297,                0.95002,                0.96464,                0.80185,                0.77273,                0.35291,                 1.1371,              0.0022285,              0.0022285,              0.0022285
                    159,                0.54955,                0.31183,                0.94925,                0.95429,                0.94957,                 0.9626,                0.80072,                0.77146,                0.35484,                 1.1364,               0.002179,               0.002179,               0.002179
                    160,                0.55431,                0.31051,                0.95409,                0.95453,                0.94849,                0.96308,                0.80179,                0.76773,                0.35439,                 1.1354,              0.0021295,              0.0021295,              0.0021295
                    161,                0.56032,                0.30654,                0.95678,                0.95284,                0.94624,                0.96216,                0.79876,                 0.7687,                0.35633,                 1.1365,                0.00208,                0.00208,                0.00208
                    162,                0.53745,                0.29874,                0.94351,                0.95464,                0.94876,                0.96231,                 0.8007,                0.76629,                0.35758,                 1.1358,              0.0020305,              0.0020305,              0.0020305
                    163,                0.54976,                0.30295,                0.95173,                0.95336,                0.94637,                0.96325,                0.79919,                0.76637,                0.35642,                 1.1368,               0.001981,               0.001981,               0.001981
                    164,                0.54535,                0.30061,                 0.9517,                0.95351,                0.94437,                 0.9645,                 0.7999,                0.76957,                0.35631,                 1.1382,              0.0019315,              0.0019315,              0.0019315
                    165,                0.55491,                0.30012,                0.95676,                 0.9535,                 0.9444,                0.96483,                0.79838,                0.77107,                0.35618,                 1.1384,               0.001882,               0.001882,               0.001882
                    166,                0.54474,                0.29925,                0.95269,                0.95424,                0.94637,                0.96414,                0.80024,                0.77161,                0.35786,                 1.1376,              0.0018325,              0.0018325,              0.0018325
                    167,                 0.5381,                0.29454,                 0.9459,                0.95313,                0.94633,                0.96362,                0.79829,                0.77222,                0.35979,                 1.1373,               0.001783,               0.001783,               0.001783
                    168,                 0.5432,                0.30153,                0.94702,                0.95214,                0.94706,                0.96296,                0.79779,                0.77131,                0.35886,                 1.1371,              0.0017335,              0.0017335,              0.0017335
                    169,                0.53771,                0.29765,                0.94895,                0.95166,                0.94551,                0.96244,                0.79935,                0.76956,                0.35725,                 1.1364,               0.001684,               0.001684,               0.001684
                    170,                0.53678,                0.29328,                0.94827,                0.95726,                0.93871,                0.96306,                0.79958,                0.76819,                0.35678,                  1.135,              0.0016345,              0.0016345,              0.0016345
                    171,                0.53375,                0.29597,                 0.9455,                0.95651,                0.93953,                0.96271,                0.79858,                0.76928,                 0.3574,                 1.1358,               0.001585,               0.001585,               0.001585
                    172,                0.53222,                0.30034,                 0.9469,                0.95103,                 0.9452,                0.96278,                0.79847,                 0.7718,                0.35854,                 1.1394,              0.0015355,              0.0015355,              0.0015355
                    173,                0.52694,                0.30056,                0.93931,                0.95126,                0.94806,                 0.9628,                0.79801,                 0.7719,                0.35804,                 1.1395,               0.001486,               0.001486,               0.001486
